"","","xout"
"1",2.3798904109589,29770
"2",2.39327419354839,29780
"3",2.42182258064516,29790
"4",2.45037096774194,29800
"5",2.47891935483871,29810
"6",2.50746774193548,29820
"7",2.53601612903226,29830
"8",2.55431506849315,29840
"9",2.54869863013699,29850
"10",2.54308219178082,29860
"11",2.53746575342466,29870
"12",2.53184931506849,29880
"13",2.52623287671233,29890
"14",2.52061643835616,29900
"15",2.515,29910
"16",2.51436507936508,29920
"17",2.51373015873016,29930
"18",2.51309523809524,29940
"19",2.51246031746032,29950
"20",2.5118253968254,29960
"21",2.51119047619048,29970
"22",2.48866666666667,29980
"23",2.4567619047619,29990
"24",2.42485714285714,30000
"25",2.39295238095238,30010
"26",2.39334146341463,30020
"27",2.4260243902439,30030
"28",2.45870731707317,30040
"29",2.49139024390244,30050
"30",2.50228571428571,30060
"31",2.4805,30070
"32",2.45871428571429,30080
"33",2.43692857142857,30090
"34",2.41514285714286,30100
"35",2.39335714285714,30110
"36",2.37157142857143,30120
"37",2.34978571428571,30130
"38",2.328,30140
"39",2.33498630136986,30150
"40",2.34197260273973,30160
"41",2.34895890410959,30170
"42",2.35594520547945,30180
"43",2.36293150684932,30190
"44",2.36991780821918,30200
"45",2.37690410958904,30210
"46",2.39865384615385,30220
"47",2.42673076923077,30230
"48",2.45480769230769,30240
"49",2.48288461538462,30250
"50",2.51096153846154,30260
"51",2.5016265060241,30270
"52",2.45487951807229,30280
"53",2.40813253012048,30290
"54",2.36138554216867,30300
"55",2.31463855421687,30310
"56",2.26789156626506,30320
"57",2.22114457831325,30330
"58",2.17439759036145,30340
"59",2.14588888888889,30350
"60",2.19033333333333,30360
"61",2.23477777777778,30370
"62",2.27922222222222,30380
"63",2.32366666666667,30390
"64",2.36811111111111,30400
"65",2.41255555555556,30410
"66",2.42589156626506,30420
"67",2.43577108433735,30430
"68",2.44565060240964,30440
"69",2.45553012048193,30450
"70",2.46540963855422,30460
"71",2.47528915662651,30470
"72",2.4851686746988,30480
"73",2.49504819277108,30490
"74",2.49004109589041,30500
"75",2.4751095890411,30510
"76",2.46017808219178,30520
"77",2.44524657534247,30530
"78",2.43031506849315,30540
"79",2.41538356164384,30550
"80",2.40045205479452,30560
"81",2.3875625,30570
"82",2.3794375,30580
"83",2.3713125,30590
"84",2.36945161290323,30600
"85",2.42396774193548,30610
"86",2.47848387096774,30620
"87",2.533,30630
"88",2.51313698630137,30640
"89",2.49327397260274,30650
"90",2.47341095890411,30660
"91",2.45354794520548,30670
"92",2.43368493150685,30680
"93",2.41382191780822,30690
"94",2.39395890410959,30700
"95",2.39787671232877,30710
"96",2.41198630136986,30720
"97",2.42609589041096,30730
"98",2.44020547945205,30740
"99",2.45431506849315,30750
"100",2.46842465753425,30760
"101",2.48253424657534,30770
"102",2.47685714285714,30780
"103",2.4415,30790
"104",2.40614285714286,30800
"105",2.37078571428571,30810
"106",2.33542857142857,30820
"107",2.30007142857143,30830
"108",2.26471428571429,30840
"109",2.22935714285714,30850
"110",2.194,30860
"111",2.23156097560976,30870
"112",2.26912195121951,30880
"113",2.30668292682927,30890
"114",2.34424390243902,30900
"115",2.29271428571429,30910
"116",2.23128571428571,30920
"117",2.24080821917808,30930
"118",2.26806849315068,30940
"119",2.29532876712329,30950
"120",2.32258904109589,30960
"121",2.34984931506849,30970
"122",2.3771095890411,30980
"123",2.4043698630137,30990
"124",2.42245205479452,31000
"125",2.43135616438356,31010
"126",2.4402602739726,31020
"127",2.44916438356164,31030
"128",2.45806849315069,31040
"129",2.46697260273973,31050
"130",2.47587671232877,31060
"131",2.47815068493151,31070
"132",2.45390410958904,31080
"133",2.42965753424658,31090
"134",2.40541095890411,31100
"135",2.38116438356164,31110
"136",2.35691780821918,31120
"137",2.33267123287671,31130
"138",2.30842465753425,31140
"139",2.25767857142857,31150
"140",2.2039880952381,31160
"141",2.15029761904762,31170
"142",2.09660714285714,31180
"143",2.04291666666667,31190
"144",1.98922619047619,31200
"145",1.93553571428571,31210
"146",1.88184523809524,31220
"147",1.91076923076923,31230
"148",2.02230769230769,31240
"149",2.13384615384615,31250
"150",2.24538461538462,31260
"151",2.35692307692308,31270
"152",2.43441463414634,31280
"153",2.43246341463415,31290
"154",2.43051219512195,31300
"155",2.42856097560976,31310
"156",2.42485106382979,31320
"157",2.41410638297872,31330
"158",2.40336170212766,31340
"159",2.3926170212766,31350
"160",2.38187234042553,31360
"161",2.37112765957447,31370
"162",2.3603829787234,31380
"163",2.34963829787234,31390
"164",2.33889361702128,31400
"165",2.32814893617021,31410
"166",2.28701587301587,31420
"167",2.23828571428571,31430
"168",2.18955555555556,31440
"169",2.1408253968254,31450
"170",2.09209523809524,31460
"171",2.04336507936508,31470
"172",2.04976923076923,31480
"173",2.11130769230769,31490
"174",2.17284615384615,31500
"175",2.23438461538462,31510
"176",2.29592307692308,31520
"177",2.33752054794521,31530
"178",2.33258904109589,31540
"179",2.32765753424658,31550
"180",2.32272602739726,31560
"181",2.31779452054795,31570
"182",2.31286301369863,31580
"183",2.30793150684931,31590
"184",2.303,31600
"185",2.25085714285714,31610
"186",2.19871428571429,31620
"187",2.14657142857143,31630
"188",2.09442857142857,31640
"189",2.04228571428571,31650
"190",1.99014285714286,31660
"191",1.938,31670
"192",1.98064705882353,31680
"193",2.02329411764706,31690
"194",2.06594117647059,31700
"195",2.07914285714286,31710
"196",2.07271428571429,31720
"197",2.06628571428571,31730
"198",2.05985714285714,31740
"199",2.05342857142857,31750
"200",2.047,31760
"201",2.04057142857143,31770
"202",2.05206557377049,31780
"203",2.07550819672131,31790
"204",2.09895081967213,31800
"205",2.12239344262295,31810
"206",2.14583606557377,31820
"207",2.16927868852459,31830
"208",2.17513043478261,31840
"209",2.16339130434783,31850
"210",2.15165217391304,31860
"211",2.13991304347826,31870
"212",2.12817391304348,31880
"213",2.1164347826087,31890
"214",2.10469565217391,31900
"215",2.06055737704918,31910
"216",1.99481967213115,31920
"217",1.92908196721311,31930
"218",1.86334426229508,31940
"219",1.79760655737705,31950
"220",1.73186885245902,31960
"221",1.70842857142857,31970
"222",1.72728571428571,31980
"223",1.74614285714286,31990
"224",1.765,32000
"225",1.78385714285714,32010
"226",1.80271428571429,32020
"227",1.82157142857143,32030
"228",1.82509836065574,32040
"229",1.81329508196721,32050
"230",1.80149180327869,32060
"231",1.78968852459016,32070
"232",1.77788524590164,32080
"233",1.76608196721311,32090
"234",1.76161780104712,32100
"235",1.76816230366492,32110
"236",1.77470680628272,32120
"237",1.78125130890052,32130
"238",1.78779581151832,32140
"239",1.79434031413613,32150
"240",1.80088481675393,32160
"241",1.80742931937173,32170
"242",1.81397382198953,32180
"243",1.82051832460733,32190
"244",1.82706282722513,32200
"245",1.83360732984293,32210
"246",1.84015183246073,32220
"247",1.84669633507853,32230
"248",1.85324083769633,32240
"249",1.85978534031414,32250
"250",1.86632984293194,32260
"251",1.87287434554974,32270
"252",1.87941884816754,32280
"253",1.89404651162791,32290
"254",1.92753488372093,32300
"255",1.96102325581395,32310
"256",1.99451162790698,32320
"257",2.028,32330
"258",2.04114285714286,32340
"259",2.05428571428571,32350
"260",2.06742857142857,32360
"261",2.08057142857143,32370
"262",2.09371428571429,32380
"263",2.10685714285714,32390
"264",2.12,32400
"265",2.18935483870968,32410
"266",2.25870967741935,32420
"267",2.32806451612903,32430
"268",2.35853846153846,32440
"269",2.38469230769231,32450
"270",2.38854545454545,32460
"271",2.34036363636364,32470
"272",2.29988888888889,32480
"273",2.3348,32490
"274",2.3938,32500
"275",2.4528,32510
"276",2.49832258064516,32520
"277",2.48993548387097,32530
"278",2.48154838709677,32540
"279",2.4726,32550
"280",2.4586,32560
"281",2.4446,32570
"282",2.4306,32580
"283",2.37807692307692,32590
"284",2.29987179487179,32600
"285",2.22166666666667,32610
"286",2.14346153846154,32620
"287",2.18841935483871,32630
"288",2.28616129032258,32640
"289",2.38390322580645,32650
"290",2.41370967741935,32660
"291",2.39822580645161,32670
"292",2.38274193548387,32680
"293",2.32166666666667,32690
"294",2.215,32700
"295",2.10833333333333,32710
"296",2.11725806451613,32720
"297",2.24177419354839,32730
"298",2.36629032258065,32740
"299",2.34677777777778,32750
"300",2.23451282051282,32760
"301",2.24553846153846,32770
"302",2.2565641025641,32780
"303",2.26758974358974,32790
"304",2.3078064516129,32800
"305",2.36748387096774,32810
"306",2.42716129032258,32820
"307",2.43546153846154,32830
"308",2.39238461538462,32840
"309",2.34930769230769,32850
"310",2.35458064516129,32860
"311",2.36522580645161,32870
"312",2.37587096774194,32880
"313",2.37053333333333,32890
"314",2.3612,32900
"315",2.35186666666667,32910
"316",2.35903225806452,32920
"317",2.37032258064516,32930
"318",2.38161290322581,32940
"319",2.4228,32950
"320",2.4768,32960
"321",2.5308,32970
"322",2.54872727272727,32980
"323",2.42236363636364,32990
"324",2.296,33000
"325",2.30316981132075,33010
"326",2.31033962264151,33020
"327",2.31750943396226,33030
"328",2.32467924528302,33040
"329",2.33184905660377,33050
"330",2.31969565217391,33060
"331",2.29926086956522,33070
"332",2.27882608695652,33080
"333",2.25839130434783,33090
"334",2.23496226415094,33100
"335",2.18458490566038,33110
"336",2.13420754716981,33120
"337",2.08383018867925,33130
"338",2.03345283018868,33140
"339",1.98307547169811,33150
"340",1.98359649122807,33160
"341",1.99684210526316,33170
"342",2.01008771929825,33180
"343",2.02333333333333,33190
"344",2.03657894736842,33200
"345",2.04982456140351,33210
"346",2.0630701754386,33220
"347",2.07631578947368,33230
"348",2.08956140350877,33240
"349",2.10280701754386,33250
"350",2.11605263157895,33260
"351",2.08017391304348,33270
"352",1.97060869565217,33280
"353",1.87375471698113,33290
"354",1.89130188679245,33300
"355",1.90884905660377,33310
"356",1.92639622641509,33320
"357",1.94394339622642,33330
"358",1.96149056603774,33340
"359",1.91174747474747,33350
"360",1.84518181818182,33360
"361",1.77861616161616,33370
"362",1.71205050505051,33380
"363",1.64548484848485,33390
"364",1.57891919191919,33400
"365",1.51235353535354,33410
"366",1.44578787878788,33420
"367",1.37922222222222,33430
"368",1.31265656565657,33440
"369",1.41316,33450
"370",1.53222666666667,33460
"371",1.65129333333333,33470
"372",1.77036,33480
"373",1.88942666666667,33490
"374",2.00849333333333,33500
"375",2.12756,33510
"376",2.18403225806452,33520
"377",2.14661290322581,33530
"378",2.1091935483871,33540
"379",2.07790566037736,33550
"380",2.06092452830189,33560
"381",2.04394339622642,33570
"382",2.02696226415094,33580
"383",2.00998113207547,33590
"384",1.993,33600
"385",2.113,33610
"386",2.233,33620
"387",2.353,33630
"388",2.40569230769231,33640
"389",2.39107692307692,33650
"390",2.37646153846154,33660
"391",2.36184615384615,33670
"392",2.4466,33680
"393",2.513,33690
"394",2.523,33700
"395",2.53,33710
"396",2.51,33720
"397",2.49,33730
"398",2.47,33740
"399",2.45713333333333,33750
"400",2.4728,33760
"401",2.48846666666667,33770
"402",2.49685,33780
"403",2.4761,33790
"404",2.45535,33800
"405",2.4346,33810
"406",2.40605882352941,33820
"407",2.34635294117647,33830
"408",2.28664705882353,33840
"409",2.22694117647059,33850
"410",2.2582,33860
"411",2.3122,33870
"412",2.35925714285714,33880
"413",2.39011428571429,33890
"414",2.42097142857143,33900
"415",2.45182857142857,33910
"416",2.43441025641026,33920
"417",2.40492307692308,33930
"418",2.3754358974359,33940
"419",2.34594871794872,33950
"420",2.36382857142857,33960
"421",2.38697142857143,33970
"422",2.41011428571429,33980
"423",2.42518518518519,33990
"424",2.42814814814815,34000
"425",2.43111111111111,34010
"426",2.43407407407407,34020
"427",2.43703703703704,34030
"428",2.44,34040
"429",2.40828571428571,34050
"430",2.37657142857143,34060
"431",2.34485714285714,34070
"432",2.33944117647059,34080
"433",2.36032352941176,34090
"434",2.38120588235294,34100
"435",2.38933333333333,34110
"436",2.28266666666667,34120
"437",2.176,34130
"438",2.083725,34140
"439",2.120975,34150
"440",2.158225,34160
"441",2.195475,34170
"442",2.22491176470588,34180
"443",2.18402941176471,34190
"444",2.14314705882353,34200
"445",2.10226470588235,34210
"446",2.0966,34220
"447",2.10602857142857,34230
"448",2.11545714285714,34240
"449",2.12588235294118,34250
"450",2.14029411764706,34260
"451",2.15470588235294,34270
"452",2.16911764705882,34280
"453",2.17748571428571,34290
"454",2.18434285714286,34300
"455",2.1912,34310
"456",2.19825,34320
"457",2.20575,34330
"458",2.19591176470588,34340
"459",2.14561764705882,34350
"460",2.09532352941176,34360
"461",2.04502941176471,34370
"462",2.013,34380
"463",1.983,34390
"464",1.953,34400
"465",1.95865714285714,34410
"466",2.0178,34420
"467",2.07694285714286,34430
"468",2.13608571428571,34440
"469",2.14305882352941,34450
"470",2.14423529411765,34460
"471",2.14541176470588,34470
"472",2.09372727272727,34480
"473",1.98918181818182,34490
"474",1.88463636363636,34500
"475",1.78009090909091,34510
"476",1.67554545454545,34520
"477",1.571,34530
"478",1.46645454545455,34540
"479",1.47921052631579,34550
"480",1.505,34560
"481",1.53078947368421,34570
"482",1.55657894736842,34580
"483",1.58236842105263,34590
"484",1.61328070175439,34600
"485",1.66468421052632,34610
"486",1.71608771929825,34620
"487",1.76749122807018,34630
"488",1.81889473684211,34640
"489",1.87029824561403,34650
"490",1.87393103448276,34660
"491",1.82979310344828,34670
"492",1.78565517241379,34680
"493",1.74151724137931,34690
"494",1.69737931034483,34700
"495",1.65324137931034,34710
"496",1.64613698630137,34720
"497",1.65490410958904,34730
"498",1.66367123287671,34740
"499",1.67243835616438,34750
"500",1.68120547945205,34760
"501",1.68997260273973,34770
"502",1.6987397260274,34780
"503",1.68,34790
"504",1.62,34800
"505",1.56,34810
"506",1.5,34820
"507",1.44,34830
"508",1.4218,34840
"509",1.4454,34850
"510",1.469,34860
"511",1.4926,34870
"512",1.5162,34880
"513",1.53536842105263,34890
"514",1.55010526315789,34900
"515",1.56484210526316,34910
"516",1.57957894736842,34920
"517",1.59431578947368,34930
"518",1.60905263157895,34940
"519",1.62378947368421,34950
"520",1.63852631578947,34960
"521",1.65326315789474,34970
"522",1.668,34980
"523",1.68273684210526,34990
"524",1.69556140350877,35000
"525",1.69117543859649,35010
"526",1.68678947368421,35020
"527",1.68240350877193,35030
"528",1.67801754385965,35040
"529",1.67363157894737,35050
"530",1.66920689655172,35060
"531",1.66472413793103,35070
"532",1.66024137931034,35080
"533",1.65575862068966,35090
"534",1.65127586206897,35100
"535",1.64679310344828,35110
"536",1.64617073170732,35120
"537",1.64812195121951,35130
"538",1.65007317073171,35140
"539",1.6520243902439,35150
"540",1.65455555555556,35160
"541",1.65766666666667,35170
"542",1.66077777777778,35180
"543",1.66388888888889,35190
"544",1.667,35200
"545",1.67011111111111,35210
"546",1.67322222222222,35220
"547",1.67633333333333,35230
"548",1.67944444444444,35240
"549",1.68467346938776,35250
"550",1.69202040816327,35260
"551",1.69936734693878,35270
"552",1.70671428571429,35280
"553",1.7140612244898,35290
"554",1.68552631578947,35300
"555",1.6330701754386,35310
"556",1.58061403508772,35320
"557",1.52815789473684,35330
"558",1.47570175438596,35340
"559",1.42324561403509,35350
"560",1.48063265306122,35360
"561",1.55022448979592,35370
"562",1.61981632653061,35380
"563",1.68940816326531,35390
"564",1.759,35400
"565",1.82665957446808,35410
"566",1.89431914893617,35420
"567",1.96197872340426,35430
"568",2.02963829787234,35440
"569",2.1046,35450
"570",2.1966,35460
"571",2.2475,35470
"572",2.1994,35480
"573",2.1234,35490
"574",2.05886956521739,35500
"575",2.0975652173913,35510
"576",2.13626086956522,35520
"577",2.23375,35530
"578",2.3459375,35540
"579",2.458125,35550
"580",2.46494285714286,35560
"581",2.40151428571429,35570
"582",2.33808571428571,35580
"583",2.28932142857143,35590
"584",2.37253571428571,35600
"585",2.45575,35610
"586",2.50460869565217,35620
"587",2.47330434782609,35630
"588",2.442,35640
"589",2.42227777777778,35650
"590",2.40255555555556,35660
"591",2.38283333333333,35670
"592",2.35538709677419,35680
"593",2.31635483870968,35690
"594",2.27732258064516,35700
"595",2.251725,35710
"596",2.257475,35720
"597",2.263225,35730
"598",2.268975,35740
"599",2.26888888888889,35750
"600",2.25518518518519,35760
"601",2.24148148148148,35770
"602",2.254,35780
"603",2.284,35790
"604",2.314,35800
"605",2.32548148148148,35810
"606",2.30918518518519,35820
"607",2.29288888888889,35830
"608",2.3,35840
"609",2.31714285714286,35850
"610",2.33428571428571,35860
"611",2.305,35870
"612",2.27055555555556,35880
"613",2.23611111111111,35890
"614",2.21025806451613,35900
"615",2.20445161290323,35910
"616",2.19864516129032,35920
"617",2.202,35930
"618",2.242,35940
"619",2.282,35950
"620",2.30288888888889,35960
"621",2.29511111111111,35970
"622",2.28733333333333,35980
"623",2.30285,35990
"624",2.32835,36000
"625",2.35,36010
"626",2.37,36020
"627",2.39,36030
"628",2.34347826086957,36040
"629",2.2895652173913,36050
"630",2.27378571428571,36060
"631",2.28342857142857,36070
"632",2.29307142857143,36080
"633",2.33047826086956,36090
"634",2.37482608695652,36100
"635",2.38316071428571,36110
"636",2.35548214285714,36120
"637",2.32780357142857,36130
"638",2.300125,36140
"639",2.27244642857143,36150
"640",2.24476785714286,36160
"641",2.31634782608696,36170
"642",2.39895652173913,36180
"643",2.378,36190
"644",2.288,36200
"645",2.198,36210
"646",2.108,36220
"647",2.018,36230
"648",1.928,36240
"649",1.838,36250
"650",1.748,36260
"651",1.658,36270
"652",1.57941025641026,36280
"653",1.54646153846154,36290
"654",1.51351282051282,36300
"655",1.4805641025641,36310
"656",1.44761538461538,36320
"657",1.41466666666667,36330
"658",1.38171794871795,36340
"659",1.34876923076923,36350
"660",1.32974358974359,36360
"661",1.33160256410256,36370
"662",1.33346153846154,36380
"663",1.33532051282051,36390
"664",1.33717948717949,36400
"665",1.33903846153846,36410
"666",1.34089743589744,36420
"667",1.34275641025641,36430
"668",1.34461538461538,36440
"669",1.34647435897436,36450
"670",1.34833333333333,36460
"671",1.35019230769231,36470
"672",1.35205128205128,36480
"673",1.35391025641026,36490
"674",1.35576923076923,36500
"675",1.35762820512821,36510
"676",1.36682352941176,36520
"677",1.37785294117647,36530
"678",1.38888235294118,36540
"679",1.39991176470588,36550
"680",1.41094117647059,36560
"681",1.42197058823529,36570
"682",1.433,36580
"683",1.44402941176471,36590
"684",1.45505882352941,36600
"685",1.46608823529412,36610
"686",1.47711764705882,36620
"687",1.48814705882353,36630
"688",1.49917647058824,36640
"689",1.50928865979381,36650
"690",1.51573195876289,36660
"691",1.52217525773196,36670
"692",1.52861855670103,36680
"693",1.5350618556701,36690
"694",1.54150515463918,36700
"695",1.54794845360825,36710
"696",1.55439175257732,36720
"697",1.56083505154639,36730
"698",1.56727835051546,36740
"699",1.57372164948454,36750
"700",1.58016494845361,36760
"701",1.58660824742268,36770
"702",1.59305154639175,36780
"703",1.59949484536082,36790
"704",1.6059381443299,36800
"705",1.61238144329897,36810
"706",1.61882474226804,36820
"707",1.62526804123711,36830
"708",1.63171134020619,36840
"709",1.61324489795918,36850
"710",1.58855102040816,36860
"711",1.56385714285714,36870
"712",1.53916326530612,36880
"713",1.5144693877551,36890
"714",1.48977551020408,36900
"715",1.46508163265306,36910
"716",1.44038775510204,36920
"717",1.41569387755102,36930
"718",1.391,36940
"719",1.39482352941176,36950
"720",1.39864705882353,36960
"721",1.40247058823529,36970
"722",1.40629411764706,36980
"723",1.41011764705882,36990
"724",1.41394117647059,37000
"725",1.41776470588235,37010
"726",1.42158823529412,37020
"727",1.42541176470588,37030
"728",1.42923529411765,37040
"729",1.43305882352941,37050
"730",1.43688235294118,37060
"731",1.44070588235294,37070
"732",1.45458823529412,37080
"733",1.48355882352941,37090
"734",1.51252941176471,37100
"735",1.5415,37110
"736",1.57047058823529,37120
"737",1.59944117647059,37130
"738",1.62841176470588,37140
"739",1.65738235294118,37150
"740",1.68635294117647,37160
"741",1.71532352941176,37170
"742",1.74429411764706,37180
"743",1.77326470588235,37190
"744",1.80223529411765,37200
"745",1.83120588235294,37210
"746",1.82223076923077,37220
"747",1.80376923076923,37230
"748",1.78530769230769,37240
"749",1.76684615384615,37250
"750",1.74838461538462,37260
"751",1.72992307692308,37270
"752",1.71146153846154,37280
"753",1.693,37290
"754",1.70147457627119,37300
"755",1.70994915254237,37310
"756",1.71842372881356,37320
"757",1.72689830508475,37330
"758",1.73537288135593,37340
"759",1.74398275862069,37350
"760",1.75381034482759,37360
"761",1.76363793103448,37370
"762",1.77346551724138,37380
"763",1.78329310344828,37390
"764",1.79312068965517,37400
"765",1.80294827586207,37410
"766",1.81277586206897,37420
"767",1.82260344827586,37430
"768",1.83243103448276,37440
"769",1.84225862068966,37450
"770",1.85208620689655,37460
"771",1.7745,37470
"772",1.6095,37480
"773",1.57594736842105,37490
"774",1.67384210526316,37500
"775",1.7526,37510
"776",1.8186,37520
"777",1.86730769230769,37530
"778",1.90448717948718,37540
"779",1.94166666666667,37550
"780",1.97884615384615,37560
"781",1.98698074454429,37570
"782",1.9826675224647,37580
"783",1.97835430038511,37590
"784",1.97404107830552,37600
"785",1.96972785622593,37610
"786",1.96541463414634,37620
"787",1.96110141206675,37630
"788",1.95678818998716,37640
"789",1.95247496790757,37650
"790",1.94816174582798,37660
"791",1.9438485237484,37670
"792",1.93953530166881,37680
"793",1.93522207958922,37690
"794",1.93090885750963,37700
"795",1.92659563543004,37710
"796",1.92228241335045,37720
"797",1.91796919127086,37730
"798",1.91365596919127,37740
"799",1.90934274711168,37750
"800",1.90502952503209,37760
"801",1.9007163029525,37770
"802",1.89640308087291,37780
"803",1.89208985879332,37790
"804",1.88777663671374,37800
"805",1.88346341463415,37810
"806",1.87915019255456,37820
"807",1.87483697047497,37830
"808",1.87052374839538,37840
"809",1.86621052631579,37850
"810",1.8618973042362,37860
"811",1.85758408215661,37870
"812",1.85327086007702,37880
"813",1.84895763799743,37890
"814",1.84464441591784,37900
"815",1.84033119383825,37910
"816",1.83601797175866,37920
"817",1.83170474967908,37930
"818",1.82739152759949,37940
"819",1.8230783055199,37950
"820",1.81876508344031,37960
"821",1.81445186136072,37970
"822",1.81013863928113,37980
"823",1.80582541720154,37990
"824",1.80151219512195,38000
"825",1.79719897304236,38010
"826",1.79288575096277,38020
"827",1.78857252888318,38030
"828",1.78425930680359,38040
"829",1.779946084724,38050
"830",1.77563286264442,38060
"831",1.77131964056483,38070
"832",1.76700641848524,38080
"833",1.76269319640565,38090
"834",1.75837997432606,38100
"835",1.75406675224647,38110
"836",1.74975353016688,38120
"837",1.74544030808729,38130
"838",1.7411270860077,38140
"839",1.73681386392811,38150
"840",1.73250064184852,38160
"841",1.72818741976893,38170
"842",1.72387419768935,38180
"843",1.71956097560976,38190
"844",1.71524775353017,38200
"845",1.71093453145058,38210
"846",1.70662130937099,38220
"847",1.7023080872914,38230
"848",1.69799486521181,38240
"849",1.69368164313222,38250
"850",1.68936842105263,38260
"851",1.68505519897304,38270
"852",1.68074197689345,38280
"853",1.67642875481386,38290
"854",1.67211553273427,38300
"855",1.66780231065469,38310
"856",1.6634890885751,38320
"857",1.65917586649551,38330
"858",1.65486264441592,38340
"859",1.70397260273973,38350
"860",1.76643835616438,38360
"861",1.82890410958904,38370
"862",1.8913698630137,38380
"863",1.95383561643836,38390
"864",2.01630136986301,38400
"865",2.07876712328767,38410
"866",2.10633333333333,38420
"867",2.099,38430
"868",2.09166666666667,38440
"869",2.08825,38450
"870",2.08875,38460
"871",2.08925,38470
"872",2.08975,38480
"873",2.107,38490
"874",2.141,38500
"875",2.175,38510
"876",2.123,38520
"877",2.102625,38530
"878",2.113875,38540
"879",2.125125,38550
"880",2.136375,38560
"881",2.131,38570
"882",2.109,38580
"883",2.087,38590
"884",2.065,38600
"885",2.10575,38610
"886",2.1465,38620
"887",2.18725,38630
"888",2.228,38640
"889",2.218,38650
"890",2.208,38660
"891",2.21685714285714,38670
"892",2.24457142857143,38680
"893",2.27228571428571,38690
"894",2.3,38700
"895",2.2902,38710
"896",2.2804,38720
"897",2.2706,38730
"898",2.2608,38740
"899",2.251,38750
"900",2.2294,38760
"901",2.2078,38770
"902",2.1912,38780
"903",2.1796,38790
"904",2.168,38800
"905",2.198,38810
"906",2.22057142857143,38820
"907",2.23571428571429,38830
"908",2.25085714285714,38840
"909",2.266,38850
"910",2.30885714285714,38860
"911",2.35171428571429,38870
"912",2.39457142857143,38880
"913",2.36283333333333,38890
"914",2.2565,38900
"915",2.15016666666667,38910
"916",2.13328571428571,38920
"917",2.20585714285714,38930
"918",2.27842857142857,38940
"919",2.351,38950
"920",2.2914,38960
"921",2.2318,38970
"922",2.23116666666667,38980
"923",2.2895,38990
"924",2.34783333333333,39000
"925",2.371,39010
"926",2.359,39020
"927",2.347,39030
"928",2.335,39040
"929",2.323,39050
"930",2.311,39060
"931",2.299,39070
"932",2.293,39080
"933",2.293,39090
"934",2.293,39100
"935",2.293,39110
"936",2.26985714285714,39120
"937",2.24671428571429,39130
"938",2.22357142857143,39140
"939",2.22842857142857,39150
"940",2.26128571428571,39160
"941",2.29414285714286,39170
"942",2.327,39180
"943",2.265,39190
"944",2.203,39200
"945",2.19414285714286,39210
"946",2.23842857142857,39220
"947",2.28271428571429,39230
"948",2.327,39240
"949",2.3778,39250
"950",2.4286,39260
"951",2.35,39270
"952",2.34588235294118,39280
"953",2.34176470588235,39290
"954",2.33764705882353,39300
"955",2.33352941176471,39310
"956",2.32941176470588,39320
"957",2.32529411764706,39330
"958",2.32117647058824,39340
"959",2.31705882352941,39350
"960",2.40133333333333,39360
"961",2.574,39370
"962",2.49,39380
"963",2.494,39390
"964",2.46685714285714,39400
"965",2.43971428571429,39410
"966",2.41257142857143,39420
"967",2.331,39430
"968",2.29471428571429,39440
"969",2.35814285714286,39450
"970",2.42157142857143,39460
"971",2.485,39470
"972",2.383,39480
"973",2.281,39490
"974",2.252875,39500
"975",2.298625,39510
"976",2.344375,39520
"977",2.390125,39530
"978",2.4162,39540
"979",2.4226,39550
"980",2.429,39560
"981",2.4354,39570
"982",2.4418,39580
"983",2.4715,39590
"984",2.5245,39600
"985",2.53142857142857,39610
"986",2.49228571428571,39620
"987",2.45314285714286,39630
"988",2.414,39640
"989",2.39816666666667,39650
"990",2.38233333333333,39660
"991",2.3665,39670
"992",2.35066666666667,39680
"993",2.33483333333333,39690
"994",2.319,39700
"995",2.3106,39710
"996",2.3022,39720
"997",2.2938,39730
"998",2.2854,39740
"999",2.277,39750
"1000",2.27442857142857,39760
"1001",2.27185714285714,39770
"1002",2.26928571428571,39780
"1003",2.286,39790
"1004",2.322,39800
"1005",2.358,39810
"1006",2.381,39820
"1007",2.391,39830
"1008",2.401,39840
"1009",2.411,39850
"1010",2.4105,39860
"1011",2.41,39870
"1012",2.4095,39880
"1013",2.409,39890
"1014",2.341,39900
"1015",2.273,39910
"1016",2.205,39920
"1017",2.16028571428571,39930
"1018",2.13885714285714,39940
"1019",2.11742857142857,39950
"1020",2.096,39960
"1021",2.178,39970
"1022",2.26,39980
"1023",2.342,39990
"1024",2.39357142857143,40000
"1025",2.41471428571429,40010
"1026",2.43585714285714,40020
"1027",2.457,40030
"1028",2.37342857142857,40040
"1029",2.28985714285714,40050
"1030",2.20628571428571,40060
"1031",2.12271428571429,40070
"1032",2.03914285714286,40080
"1033",1.95557142857143,40090
"1034",1.872,40100
"1035",1.97609090909091,40110
"1036",2.08018181818182,40120
"1037",2.07663636363636,40130
"1038",2.04618181818182,40140
"1039",1.96354838709677,40150
"1040",1.84612903225806,40160
"1041",1.72870967741935,40170
"1042",1.78138888888889,40180
"1043",2.00416666666667,40190
"1044",2.11968181818182,40200
"1045",2.18922727272727,40210
"1046",2.18786363636364,40220
"1047",2.11559090909091,40230
"1048",2.07931818181818,40240
"1049",2.12704545454545,40250
"1050",2.17564,40260
"1051",2.23204,40270
"1052",2.28844,40280
"1053",2.24328571428571,40290
"1054",2.13042857142857,40300
"1055",2.10877272727273,40310
"1056",2.17831818181818,40320
"1057",2.23122727272727,40330
"1058",2.24531818181818,40340
"1059",2.2564,40350
"1060",2.2404,40360
"1061",2.27218181818182,40370
"1062",2.33581818181818,40380
"1063",2.316,40390
"1064",2.171,40400
"1065",2.07245454545455,40410
"1066",2.15972727272727,40420
"1067",2.247,40430
"1068",2.19235714285714,40440
"1069",2.13771428571429,40450
"1070",2.10536363636364,40460
"1071",2.16218181818182,40470
"1072",2.219,40480
"1073",2.20185714285714,40490
"1074",2.18471428571429,40500
"1075",2.21654545454545,40510
"1076",2.25381818181818,40520
"1077",2.25131818181818,40530
"1078",2.23177272727273,40540
"1079",2.20075,40550
"1080",2.15825,40560
"1081",2.11575,40570
"1082",2.18127272727273,40580
"1083",2.29309090909091,40590
"1084",2.354,40600
"1085",2.364,40610
"1086",2.34636363636364,40620
"1087",2.28727272727273,40630
"1088",2.23941935483871,40640
"1089",2.23651612903226,40650
"1090",2.23361290322581,40660
"1091",2.23109090909091,40670
"1092",2.232,40680
"1093",2.23290909090909,40690
"1094",2.24977272727273,40700
"1095",2.26840909090909,40710
"1096",2.26031818181818,40720
"1097",2.24077272727273,40730
"1098",2.22028571428571,40740
"1099",2.19885714285714,40750
"1100",2.21672727272727,40760
"1101",2.29354545454545,40770
"1102",2.30227272727273,40780
"1103",2.03863636363636,40790
"1104",1.775,40800
"1105",1.81208333333333,40810
"1106",1.84916666666667,40820
"1107",1.88625,40830
"1108",1.92333333333333,40840
"1109",1.94663265306122,40850
"1110",1.91479591836735,40860
"1111",1.88295918367347,40870
"1112",1.85112244897959,40880
"1113",1.81928571428571,40890
"1114",1.76619512195122,40900
"1115",1.66351219512195,40910
"1116",1.56082926829268,40920
"1117",1.45814634146341,40930
"1118",1.38720833333333,40940
"1119",1.44325,40950
"1120",1.49929166666667,40960
"1121",1.55533333333333,40970
"1122",1.611375,40980
"1123",1.649,40990
"1124",1.659,41000
"1125",1.669,41010
"1126",1.679,41020
"1127",1.689,41030
"1128",1.68320408163265,41040
"1129",1.66687755102041,41050
"1130",1.65055102040816,41060
"1131",1.63422448979592,41070
"1132",1.61789795918367,41080
"1133",1.61110416666667,41090
"1134",1.60839583333333,41100
"1135",1.6056875,41110
"1136",1.60297916666667,41120
"1137",1.60027083333333,41130
"1138",1.581625,41140
"1139",1.56120833333333,41150
"1140",1.54079166666667,41160
"1141",1.520375,41170
"1142",1.50487755102041,41180
"1143",1.53365306122449,41190
"1144",1.56242857142857,41200
"1145",1.59120408163265,41210
"1146",1.61997959183673,41220
"1147",1.64628630705394,41230
"1148",1.66271784232365,41240
"1149",1.67914937759336,41250
"1150",1.69558091286307,41260
"1151",1.71201244813278,41270
"1152",1.72844398340249,41280
"1153",1.7448755186722,41290
"1154",1.76130705394191,41300
"1155",1.77773858921162,41310
"1156",1.79417012448133,41320
"1157",1.81060165975104,41330
"1158",1.82703319502075,41340
"1159",1.84346473029046,41350
"1160",1.85989626556017,41360
"1161",1.87632780082988,41370
"1162",1.89275933609959,41380
"1163",1.90919087136929,41390
"1164",1.925622406639,41400
"1165",1.94205394190871,41410
"1166",1.95848547717842,41420
"1167",1.97491701244813,41430
"1168",1.99134854771784,41440
"1169",2.00778008298755,41450
"1170",2.02421161825726,41460
"1171",2.03657971014493,41470
"1172",2.0123768115942,41480
"1173",1.98817391304348,41490
"1174",1.96397101449275,41500
"1175",1.93976811594203,41510
"1176",1.9155652173913,41520
"1177",1.89136231884058,41530
"1178",1.86905263157895,41540
"1179",1.85431578947368,41550
"1180",1.83957894736842,41560
"1181",1.82484210526316,41570
"1182",1.81010526315789,41580
"1183",1.79536842105263,41590
"1184",1.78063157894737,41600
"1185",1.76589473684211,41610
"1186",1.788375,41620
"1187",1.83566666666667,41630
"1188",1.88295833333333,41640
"1189",1.93025,41650
"1190",1.97754166666667,41660
"1191",1.96483333333333,41670
"1192",1.937125,41680
"1193",1.90941666666667,41690
"1194",1.88170833333333,41700
"1195",1.854,41710
"1196",1.90857142857143,41720
"1197",1.96314285714286,41730
"1198",2.01771428571429,41740
"1199",2.0459756097561,41750
"1200",2.04792682926829,41760
"1201",2.04987804878049,41770
"1202",2.05182926829268,41780
"1203",2.04830434782609,41790
"1204",2.0365652173913,41800
"1205",2.02482608695652,41810
"1206",2.01308695652174,41820
"1207",2.00134782608696,41830
"1208",1.98960869565217,41840
"1209",1.97786956521739,41850
"1210",1.9775,41860
"1211",1.9885,41870
"1212",1.9995,41880
"1213",2.0105,41890
"1214",2.0215,41900
"1215",2.0325,41910
"1216",2.0435,41920
"1217",2.0545,41930
"1218",2.0655,41940
"1219",2.056,41950
"1220",2.026,41960
"1221",1.996,41970
"1222",1.966,41980
"1223",1.936,41990
"1224",1.93794545454545,42000
"1225",1.95358181818182,42010
"1226",1.96921818181818,42020
"1227",1.98485454545455,42030
"1228",2.00049090909091,42040
"1229",2.0026,42050
"1230",1.9506,42060
"1231",1.8986,42070
"1232",1.8466,42080
"1233",1.7946,42090
"1234",1.7426,42100
"1235",1.77914285714286,42110
"1236",1.85363265306122,42120
"1237",1.92812244897959,42130
"1238",2.00261224489796,42140
"1239",2.07710204081633,42150
"1240",2.01766666666667,42160
"1241",1.92475,42170
"1242",1.83183333333333,42180
"1243",1.73891666666667,42190
"1244",1.646,42200
"1245",1.60391666666667,42210
"1246",1.56183333333333,42220
"1247",1.51975,42230
"1248",1.47766666666667,42240
"1249",1.46257142857143,42250
"1250",1.55542857142857,42260
"1251",1.64828571428571,42270
"1252",1.74114285714286,42280
"1253",1.834,42290
"1254",1.89548780487805,42300
"1255",1.88378048780488,42310
"1256",1.87207317073171,42320
"1257",1.86036585365854,42330
"1258",1.85902631578947,42340
"1259",1.89915789473684,42350
"1260",1.93928947368421,42360
"1261",1.97942105263158,42370
"1262",2.01955263157895,42380
"1263",2.05968421052632,42390
"1264",2.09981578947368,42400
"1265",2.13994736842105,42410
"1266",2.15029268292683,42420
"1267",2.14078048780488,42430
"1268",2.13126829268293,42440
"1269",2.12175609756098,42450
"1270",2.11145454545455,42460
"1271",2.10036363636364,42470
"1272",2.08927272727273,42480
"1273",2.07818181818182,42490
"1274",2.06709090909091,42500
"1275",2.056,42510
"1276",2.06647619047619,42520
"1277",2.07695238095238,42530
"1278",2.08742857142857,42540
"1279",2.09790476190476,42550
"1280",2.25257142857143,42560
"1281",2.34488235294118,42570
"1282",2.28958823529412,42580
"1283",2.23429411764706,42590
"1284",2.179,42600
"1285",2.20907692307692,42610
"1286",2.52984615384615,42620
"1287",2.36516666666667,42630
"1288",2.3125,42640
"1289",2.21533333333333,42650
"1290",2.15929411764706,42660
"1291",2.15576470588235,42670
"1292",2.15223529411765,42680
"1293",2.14870588235294,42690
"1294",2.17672727272727,42700
"1295",2.21263636363636,42710
"1296",2.1742,42720
"1297",2.09413235294118,42730
"1298",2.08545588235294,42740
"1299",2.07677941176471,42750
"1300",2.06810294117647,42760
"1301",2.05942647058824,42770
"1302",2.05075,42780
"1303",2.04207352941176,42790
"1304",2.04416666666667,42800
"1305",2.07138888888889,42810
"1306",2.14504545454545,42820
"1307",2.14027272727273,42830
"1308",2.1355,42840
"1309",2.13072727272727,42850
"1310",2.12595454545455,42860
"1311",2.28616666666667,42870
"1312",2.248,42880
"1313",2.19466666666667,42890
"1314",2.1565,42900
"1315",2.1335,42910
"1316",2.1105,42920
"1317",2.0875,42930
"1318",2.12968421052632,42940
"1319",2.23705263157895,42950
"1320",2.24271428571429,42960
"1321",2.18057142857143,42970
"1322",2.11842857142857,42980
"1323",2.114,42990
"1324",2.124,43000
"1325",2.1466,43010
"1326",2.1306,43020
"1327",2.1146,43030
"1328",2.0986,43040
"1329",2.0826,43050
"1330",2.0666,43060
"1331",2.0506,43070
"1332",2.0492,43080
"1333",2.0712,43090
"1334",2.0932,43100
"1335",2.1152,43110
"1336",2.13457142857143,43120
"1337",2.15219047619048,43130
"1338",2.1618,43140
"1339",2.1634,43150
"1340",2.165,43160
"1341",2.28136363636364,43170
"1342",2.39772727272727,43180
"1343",2.26722222222222,43190
"1344",2.075,43200
"1345",2.02425925925926,43210
"1346",1.97351851851852,43220
"1347",1.92277777777778,43230
"1348",1.87203703703704,43240
"1349",1.8212962962963,43250
"1350",1.83056097560976,43260
"1351",1.87982926829268,43270
"1352",1.92909756097561,43280
"1353",1.97836585365854,43290
"1354",1.94447058823529,43300
"1355",1.82741176470588,43310
"1356",1.71035294117647,43320
"1357",1.60416393442623,43330
"1358",1.59580327868852,43340
"1359",1.58744262295082,43350
"1360",1.57908196721311,43360
"1361",1.57072131147541,43370
"1362",1.5623606557377,43380
"1363",1.554,43390
"1364",1.59362962962963,43400
"1365",1.63325925925926,43410
"1366",1.67331111111111,43420
"1367",1.71434814814815,43430
"1368",1.75538518518519,43440
"1369",1.79642222222222,43450
"1370",1.83745925925926,43460
"1371",1.8784962962963,43470
"1372",1.91953333333333,43480
"1373",1.96057037037037,43490
"1374",2.00160740740741,43500
"1375",2.04264444444444,43510
"1376",2.08368148148148,43520
"1377",2.12471851851852,43530
"1378",2.16575555555556,43540
"1379",2.20679259259259,43550
"1380",2.1750987654321,43560
"1381",2.12522222222222,43570
"1382",2.07534567901235,43580
"1383",2.02546913580247,43590
"1384",1.97559259259259,43600
"1385",1.92571604938272,43610
"1386",1.87583950617284,43620
"1387",1.82596296296296,43630
"1388",1.76063414634146,43640
"1389",1.68868292682927,43650
"1390",1.61673170731707,43660
"1391",1.54478048780488,43670
"1392",1.54625531914894,43680
"1393",1.59668085106383,43690
"1394",1.64710638297872,43700
"1395",1.69753191489362,43710
"1396",1.74795744680851,43720
"1397",1.76366666666667,43730
"1398",1.77551851851852,43740
"1399",1.78737037037037,43750
"1400",1.79922222222222,43760
"1401",1.81107407407407,43770
"1402",1.80866666666667,43780
"1403",1.792,43790
"1404",1.77533333333333,43800
"1405",1.75866666666667,43810
"1406",1.742,43820
"1407",1.76064864864865,43830
"1408",1.79443243243243,43840
"1409",1.82821621621622,43850
"1410",1.862,43860
"1411",1.89578378378378,43870
"1412",1.92956756756757,43880
"1413",1.96335135135135,43890
"1414",1.98715789473684,43900
"1415",1.98768421052632,43910
"1416",1.98821052631579,43920
"1417",1.98873684210526,43930
"1418",1.98926315789474,43940
"1419",1.98978947368421,43950
"1420",1.99031578947368,43960
"1421",1.99084210526316,43970
"1422",1.99136842105263,43980
"1423",1.99189473684211,43990
"1424",1.98673825503356,44000
"1425",1.9801610738255,44010
"1426",1.97358389261745,44020
"1427",1.9670067114094,44030
"1428",1.96042953020134,44040
"1429",1.95385234899329,44050
"1430",1.94727516778523,44060
"1431",1.94069798657718,44070
"1432",1.93412080536913,44080
"1433",1.92754362416107,44090
"1434",1.92096644295302,44100
"1435",1.91438926174497,44110
"1436",1.90781208053691,44120
"1437",1.90123489932886,44130
"1438",1.89465771812081,44140
"1439",1.89926829268293,44150
"1440",1.90512195121951,44160
"1441",1.9109756097561,44170
"1442",1.91682926829268,44180
"1443",1.85622222222222,44190
"1444",1.779,44200
"1445",1.70177777777778,44210
"1446",1.62455555555556,44220
"1447",1.54733333333333,44230
"1448",1.5027037037037,44240
"1449",1.50696296296296,44250
"1450",1.51122222222222,44260
"1451",1.51548148148148,44270
"1452",1.51974074074074,44280
"1453",1.524,44290
"1454",1.54862962962963,44300
"1455",1.57325925925926,44310
"1456",1.59788888888889,44320
"1457",1.62251851851852,44330
"1458",1.64714814814815,44340
"1459",1.67040425531915,44350
"1460",1.69274468085106,44360
"1461",1.71508510638298,44370
"1462",1.73742553191489,44380
"1463",1.75976595744681,44390
"1464",1.7719375,44400
"1465",1.78297916666667,44410
"1466",1.79402083333333,44420
"1467",1.8050625,44430
"1468",1.8168085106383,44440
"1469",1.83489361702128,44450
"1470",1.85297872340426,44460
"1471",1.87106382978723,44470
"1472",1.88914893617021,44480
"1473",1.89929411764706,44490
"1474",1.89752941176471,44500
"1475",1.89576470588235,44510
"1476",1.894,44520
"1477",1.89223529411765,44530
"1478",1.89047058823529,44540
"1479",1.88870588235294,44550
"1480",1.90663829787234,44560
"1481",1.93770212765957,44570
"1482",1.96876595744681,44580
"1483",1.99982978723404,44590
"1484",2.03089361702128,44600
"1485",2.0300625,44610
"1486",2.0256875,44620
"1487",2.0213125,44630
"1488",2.0169375,44640
"1489",2.01206382978723,44650
"1490",2.00270212765957,44660
"1491",1.99334042553191,44670
"1492",1.98397872340426,44680
"1493",1.9746170212766,44690
"1494",1.95836585365854,44700
"1495",1.93178048780488,44710
"1496",1.90519512195122,44720
"1497",1.87860975609756,44730
"1498",1.84925675675676,44740
"1499",1.81344594594595,44750
"1500",1.77763513513514,44760
"1501",1.74182432432432,44770
"1502",1.70601351351351,44780
"1503",1.6702027027027,44790
"1504",1.63439189189189,44800
"1505",1.59858108108108,44810
"1506",1.64459574468085,44820
"1507",1.69970212765957,44830
"1508",1.7548085106383,44840
"1509",1.80991489361702,44850
"1510",1.85581818181818,44860
"1511",1.86490909090909,44870
"1512",1.874,44880
"1513",1.88309090909091,44890
"1514",1.89218181818182,44900
"1515",1.90127272727273,44910
"1516",1.91036363636364,44920
"1517",1.91945454545455,44930
"1518",1.92854545454545,44940
"1519",1.92022950819672,44950
"1520",1.88580327868852,44960
"1521",1.85137704918033,44970
"1522",1.81695081967213,44980
"1523",1.78252459016393,44990
"1524",1.74809836065574,45000
"1525",1.68843902439024,45010
"1526",1.56990243902439,45020
"1527",1.45136585365854,45030
"1528",1.33282926829268,45040
"1529",1.24656842105263,45050
"1530",1.28941052631579,45060
"1531",1.33225263157895,45070
"1532",1.37509473684211,45080
"1533",1.41793684210526,45090
"1534",1.46077894736842,45100
"1535",1.50362105263158,45110
"1536",1.54646315789474,45120
"1537",1.58930526315789,45130
"1538",1.63214736842105,45140
"1539",1.65238888888889,45150
"1540",1.66294444444444,45160
"1541",1.6735,45170
"1542",1.68405555555556,45180
"1543",1.69461111111111,45190
"1544",1.70372340425532,45200
"1545",1.70946808510638,45210
"1546",1.71521276595745,45220
"1547",1.72095744680851,45230
"1548",1.72670212765957,45240
"1549",1.744125,45250
"1550",1.76933333333333,45260
"1551",1.79454166666667,45270
"1552",1.81975,45280
"1553",1.84495833333333,45290
"1554",1.897,45300
"1555",1.95575,45310
"1556",2.0145,45320
"1557",2.07325,45330
"1558",2.07041176470588,45340
"1559",2.05217647058824,45350
"1560",2.03394117647059,45360
"1561",2.01570588235294,45370
"1562",1.99747058823529,45380
"1563",1.97923529411765,45390
"1564",1.961,45400
"1565",2.1125,45410
"1566",2.264,45420
"1567",2.24927777777778,45430
"1568",2.23455555555556,45440
"1569",2.21983333333333,45450
"1570",2.20125,45460
"1571",2.176875,45470
"1572",2.1525,45480
"1573",2.13520512820513,45490
"1574",2.14623076923077,45500
"1575",2.15725641025641,45510
"1576",2.16828205128205,45520
"1577",2.17585,45530
"1578",2.17535,45540
"1579",2.18509090909091,45550
"1580",2.21872727272727,45560
"1581",2.25236363636364,45570
"1582",2.286,45580
"1583",2.31963636363636,45590
"1584",2.33264285714286,45600
"1585",2.34335714285714,45610
"1586",2.35460714285714,45620
"1587",2.37067857142857,45630
"1588",2.38675,45640
"1589",2.379925,45650
"1590",2.319675,45660
"1591",2.259425,45670
"1592",2.199175,45680
"1593",2.1646875,45690
"1594",2.1903125,45700
"1595",2.2159375,45710
"1596",2.24545833333333,45720
"1597",2.31004166666667,45730
"1598",2.374625,45740
"1599",2.267125,45750
"1600",2.18525,45760
"1601",2.30925,45770
"1602",2.41448387096774,45780
"1603",2.50835483870968,45790
"1604",2.60222580645161,45800
"1605",2.55014285714286,45810
"1606",2.46157142857143,45820
"1607",2.373,45830
"1608",2.307375,45840
"1609",2.24175,45850
"1610",2.176125,45860
"1611",2.1735,45870
"1612",2.18216666666667,45880
"1613",2.173,45890
"1614",2.16383333333333,45900
"1615",2.2504,45910
"1616",2.3609,45920
"1617",2.40966666666667,45930
"1618",2.443,45940
"1619",2.46084615384615,45950
"1620",2.45546153846154,45960
"1621",2.45007692307692,45970
"1622",2.44469230769231,45980
"1623",2.43930769230769,45990
"1624",2.43534285714286,46000
"1625",2.43705714285714,46010
"1626",2.43877142857143,46020
"1627",2.44048571428571,46030
"1628",2.4235,46040
"1629",2.3985,46050
"1630",2.385625,46060
"1631",2.40104166666667,46070
"1632",2.41645833333333,46080
"1633",2.3928,46090
"1634",2.3648,46100
"1635",2.3368,46110
"1636",2.3088,46120
"1637",2.2808,46130
"1638",2.2528,46140
"1639",2.19195,46150
"1640",2.12745,46160
"1641",2.1384375,46170
"1642",2.1578125,46180
"1643",2.1771875,46190
"1644",2.21508333333333,46200
"1645",2.26091666666667,46210
"1646",2.29066101694915,46220
"1647",2.28286440677966,46230
"1648",2.27506779661017,46240
"1649",2.26727118644068,46250
"1650",2.25947457627119,46260
"1651",2.2516779661017,46270
"1652",2.24085714285714,46280
"1653",2.2255,46290
"1654",2.21014285714286,46300
"1655",2.1884,46310
"1656",2.1624,46320
"1657",2.1364,46330
"1658",2.1104,46340
"1659",2.09935714285714,46350
"1660",2.09828571428571,46360
"1661",2.09721428571429,46370
"1662",1.96471428571429,46380
"1663",1.79935714285714,46390
"1664",1.634,46400
"1665",1.62807766990291,46410
"1666",1.62215533980583,46420
"1667",1.61623300970874,46430
"1668",1.61031067961165,46440
"1669",1.60438834951456,46450
"1670",1.59846601941748,46460
"1671",1.59254368932039,46470
"1672",1.5866213592233,46480
"1673",1.58069902912621,46490
"1674",1.57477669902913,46500
"1675",1.59177884615385,46510
"1676",1.61860576923077,46520
"1677",1.64543269230769,46530
"1678",1.67225961538462,46540
"1679",1.69908653846154,46550
"1680",1.72591346153846,46560
"1681",1.75274038461538,46570
"1682",1.77956730769231,46580
"1683",1.80639423076923,46590
"1684",1.83322115384615,46600
"1685",1.84702040816327,46610
"1686",1.83042176870748,46620
"1687",1.8138231292517,46630
"1688",1.79722448979592,46640
"1689",1.78062585034014,46650
"1690",1.76402721088435,46660
"1691",1.74742857142857,46670
"1692",1.73082993197279,46680
"1693",1.71423129251701,46690
"1694",1.69763265306122,46700
"1695",1.68103401360544,46710
"1696",1.66443537414966,46720
"1697",1.64783673469388,46730
"1698",1.6312380952381,46740
"1699",1.61463945578231,46750
"1700",1.63569230769231,46760
"1701",1.68184615384615,46770
"1702",1.728,46780
"1703",1.77415384615385,46790
"1704",1.82030769230769,46800
"1705",1.86646153846154,46810
"1706",1.91261538461538,46820
"1707",1.95876923076923,46830
"1708",2.00492307692308,46840
"1709",2.05107692307692,46850
"1710",2.08229126213592,46860
"1711",2.05374757281553,46870
"1712",2.02520388349515,46880
"1713",1.99666019417476,46890
"1714",1.96811650485437,46900
"1715",1.93957281553398,46910
"1716",1.91102912621359,46920
"1717",1.8824854368932,46930
"1718",1.85394174757282,46940
"1719",1.82539805825243,46950
"1720",1.79685436893204,46960
"1721",1.78225423728814,46970
"1722",1.76920338983051,46980
"1723",1.75615254237288,46990
"1724",1.74310169491525,47000
"1725",1.73005084745763,47010
"1726",1.717,47020
"1727",1.70394915254237,47030
"1728",1.69089830508475,47040
"1729",1.67784745762712,47050
"1730",1.66479661016949,47060
"1731",1.65174576271186,47070
"1732",1.64200970873786,47080
"1733",1.6621067961165,47090
"1734",1.68220388349515,47100
"1735",1.70230097087379,47110
"1736",1.72239805825243,47120
"1737",1.74249514563107,47130
"1738",1.76259223300971,47140
"1739",1.78268932038835,47150
"1740",1.80278640776699,47160
"1741",1.82288349514563,47170
"1742",1.84298058252427,47180
"1743",1.86028155339806,47190
"1744",1.87688349514563,47200
"1745",1.8934854368932,47210
"1746",1.91008737864078,47220
"1747",1.92668932038835,47230
"1748",1.94329126213592,47240
"1749",1.9598932038835,47250
"1750",1.97649514563107,47260
"1751",1.99309708737864,47270
"1752",2.00969902912621,47280
"1753",1.9882027027027,47290
"1754",1.92860810810811,47300
"1755",1.86901351351351,47310
"1756",1.80941891891892,47320
"1757",1.74982432432432,47330
"1758",1.69022972972973,47340
"1759",1.63063513513514,47350
"1760",1.58080769230769,47360
"1761",1.61888461538462,47370
"1762",1.65696153846154,47380
"1763",1.69503846153846,47390
"1764",1.73311538461538,47400
"1765",1.77119230769231,47410
"1766",1.80926923076923,47420
"1767",1.84734615384615,47430
"1768",1.88542307692308,47440
"1769",1.9235,47450
"1770",1.96157692307692,47460
"1771",1.96246601941748,47470
"1772",1.94741747572816,47480
"1773",1.93236893203884,47490
"1774",1.91732038834951,47500
"1775",1.90227184466019,47510
"1776",1.88722330097087,47520
"1777",1.87217475728155,47530
"1778",1.85712621359223,47540
"1779",1.84207766990291,47550
"1780",1.82702912621359,47560
"1781",1.82248979591837,47570
"1782",1.83371428571429,47580
"1783",1.8449387755102,47590
"1784",1.85616326530612,47600
"1785",1.86738775510204,47610
"1786",1.87861224489796,47620
"1787",1.88983673469388,47630
"1788",1.9010612244898,47640
"1789",1.91228571428571,47650
"1790",1.92351020408163,47660
"1791",1.93473469387755,47670
"1792",1.94595918367347,47680
"1793",1.95718367346939,47690
"1794",1.96840816326531,47700
"1795",1.97963265306122,47710
"1796",1.97364423076923,47720
"1797",1.96027884615385,47730
"1798",1.94691346153846,47740
"1799",1.93354807692308,47750
"1800",1.92018269230769,47760
"1801",1.90681730769231,47770
"1802",1.89345192307692,47780
"1803",1.88008653846154,47790
"1804",1.86672115384615,47800
"1805",1.85335576923077,47810
"1806",1.84233783783784,47820
"1807",1.8367972972973,47830
"1808",1.83125675675676,47840
"1809",1.82571621621622,47850
"1810",1.82017567567568,47860
"1811",1.81463513513514,47870
"1812",1.80909459459459,47880
"1813",1.80355405405405,47890
"1814",1.7981186440678,47900
"1815",1.79269491525424,47910
"1816",1.78727118644068,47920
"1817",1.78184745762712,47930
"1818",1.77642372881356,47940
"1819",1.771,47950
"1820",1.76557627118644,47960
"1821",1.76015254237288,47970
"1822",1.75472881355932,47980
"1823",1.74930508474576,47990
"1824",1.7438813559322,48000
"1825",1.74227118644068,48010
"1826",1.77498305084746,48020
"1827",1.80769491525424,48030
"1828",1.84040677966102,48040
"1829",1.8731186440678,48050
"1830",1.90583050847458,48060
"1831",1.92912621359223,48070
"1832",1.9147572815534,48080
"1833",1.90038834951456,48090
"1834",1.88601941747573,48100
"1835",1.87165048543689,48110
"1836",1.85728155339806,48120
"1837",1.84291262135922,48130
"1838",1.82854368932039,48140
"1839",1.81417475728155,48150
"1840",1.79980582524272,48160
"1841",1.78543689320388,48170
"1842",1.78076699029126,48180
"1843",1.77717475728155,48190
"1844",1.77358252427184,48200
"1845",1.76999029126214,48210
"1846",1.76639805825243,48220
"1847",1.76280582524272,48230
"1848",1.75921359223301,48240
"1849",1.7556213592233,48250
"1850",1.75202912621359,48260
"1851",1.74843689320388,48270
"1852",1.73707692307692,48280
"1853",1.72053846153846,48290
"1854",1.704,48300
"1855",1.68746153846154,48310
"1856",1.67092307692308,48320
"1857",1.65438461538462,48330
"1858",1.63784615384615,48340
"1859",1.62130769230769,48350
"1860",1.60476923076923,48360
"1861",1.58823076923077,48370
"1862",1.5756213592233,48380
"1863",1.57872815533981,48390
"1864",1.58183495145631,48400
"1865",1.58494174757282,48410
"1866",1.58804854368932,48420
"1867",1.59115533980583,48430
"1868",1.59426213592233,48440
"1869",1.59736893203883,48450
"1870",1.60047572815534,48460
"1871",1.60358252427184,48470
"1872",1.60668932038835,48480
"1873",1.62117194570136,48490
"1874",1.6369185520362,48500
"1875",1.65266515837104,48510
"1876",1.66841176470588,48520
"1877",1.68415837104072,48530
"1878",1.69990497737557,48540
"1879",1.71565158371041,48550
"1880",1.73139819004525,48560
"1881",1.74714479638009,48570
"1882",1.76289140271493,48580
"1883",1.77863800904977,48590
"1884",1.79438461538462,48600
"1885",1.81013122171946,48610
"1886",1.8258778280543,48620
"1887",1.84162443438914,48630
"1888",1.85737104072398,48640
"1889",1.87311764705882,48650
"1890",1.88886425339367,48660
"1891",1.90461085972851,48670
"1892",1.92035746606335,48680
"1893",1.93610407239819,48690
"1894",1.95185067873303,48700
"1895",1.91761538461538,48710
"1896",1.87088461538462,48720
"1897",1.82415384615385,48730
"1898",1.77742307692308,48740
"1899",1.73069230769231,48750
"1900",1.68396153846154,48760
"1901",1.63723076923077,48770
"1902",1.5905,48780
"1903",1.54376923076923,48790
"1904",1.49703846153846,48800
"1905",1.47186363636364,48810
